Username,Email,Password,"Roll No","Class Name","Class Section","First Name","Middle Name","Last Name",Gender,"Birth Date",Address,"City Name","State Name","Zip Code","Mobile Number","Alternate Mobile Number",user_profile
aaron5,aaron5@example.com,,1005,"class 1"," ",Aaron,Robert,Benson,female,2018/05/11,"93574 Garcia Walk",Michaelberg,Maryland,85740,8895012379,2743592511,
alyssa36,alyssa36@example.com,,1036,"class 1"," ",Alyssa,Melissa,White,male,15-05-2015,"6191 Kimberly Burgs Suite 446",Austinfurt,Montana,33369,9176317069,5607927245,
angela38,angela38@example.com,,1038,"class 1"," ",Angela,David,Wagner,female,01-08-2018,"43204 Gibson Vista Apt. 739","Port Bryan",Kentucky,78036,6362281433,1842680058,
angela42,angela42@example.com,,1042,"class 1"," ",Angela,Teresa,Martinez,female,21-11-2015,"10047 Robert Roads",Stephanieburgh,Oregon,99901,3974325275,4419586435,
ashley2,ashley2@example.com,,1002,"class 1"," ",Ashley,Cheyenne,Wilson,female,13-11-2014,"10940 Garcia Lake",Matthewmouth,Delaware,27802,5717327296,2362672041,
brandon23,brandon23@example.com,,1023,"class 1"," ",Brandon,Whitney,Adams,female,11-12-2017,"83009 Kelly Mall Suite 570",Denisestad,"South Carolina",53790,8375192428,1305611485,
brenda6,brenda6@example.com,,1006,"class 1"," ",Brenda,Heather,Peterson,male,18-07-2015,"5532 Bird River Apt. 355","New Jasontown",Washington,4327,1933133158,7647513151,
brian26,brian26@example.com,,1026,"class 1"," ",Brian,Kevin,Cordova,female,06-07-2018,"0962 Arnold Pike Suite 930",Bellfurt,Colorado,19959,6558073176,5384977516,
brooke39,brooke39@example.com,,1039,"class 1"," ",Brooke,William,Nelson,female,27-02-2017,"394 Cole Rapid Apt. 241",Danielsbury,Colorado,58809,3320943102,599203425,
bryan34,bryan34@example.com,,1034,"class 1"," ",Bryan,Aaron,Duncan,male,22-08-2018,"752 Herring Shore Apt. 619","Port Stephanieville","Rhode Island",44972,1639113829,2181827173,
charlotte44,charlotte44@example.com,,1044,"class 1"," ",Charlotte,Bryan,Robinson,female,2017/06/26,"143 Bradley Harbor","West Carrie",Georgia,7566,7251610437,7538559043,
christina14,christina14@example.com,,1014,"class 1"," ",Christina,Allison,Cain,male,31-07-2017,"046 Dawson Orchard","South Jasonside",Arkansas,78163,7158641058,4059795620,
deborah28,deborah28@example.com,,1028,"class 1"," ",Deborah,Matthew,Webb,male,01-10-2016,"6784 Nicole Loop","Port Heatherhaven",Iowa,38964,6616379507,6349162015,
denise22,denise22@example.com,,1022,"class 1"," ",Denise,Lee,Mason,female,22-03-2019,"99396 Hamilton Ramp Apt. 040","Port Teresa",Kentucky,79328,2637137339,9801407778,
diane35,diane35@example.com,,1035,"class 1"," ",Diane,Ernest,Watson,female,2017/06/29,"3228 Michael Shore","East Joshua",Tennessee,63421,2393130701,7856636586,
emily3,emily3@example.com,,1003,"class 1"," ",Emily,Melvin,Taylor,female,29-01-2016,"807 Vincent Prairie Suite 246",Simpsonside,Alabama,38404,1677192529,4158774141,
eric7,eric7@example.com,,1007,"class 1"," ",Eric,Stephanie,Guerrero,female,09-10-2015,"8975 Brandon Lodge Suite 079","North Austin","South Carolina",4708,9529154148,9605747041,
eric9,eric9@example.com,,1009,"class 1"," ",Eric,Kimberly,Brown,male,02-07-2015,"89213 Fischer Forges",Heatherfurt,"New Mexico",15676,5919867134,2926648102,
haley8,haley8@example.com,,1008,"class 1"," ",Haley,Joseph,Gomez,male,17-12-2015,"067 Mallory Forges Apt. 536",Allenville,Nebraska,66032,5777771844,2151010863,
heather19,heather19@example.com,,1019,"class 1"," ",Heather,Leslie,Fields,female,07-08-2014,"746 Allison Parkway Apt. 689","New Cheyennestad","North Carolina",47349,4334811750,2356793669,
jacob17,jacob17@example.com,,1017,"class 1"," ",Jacob,Karen,Evans,female,25-01-2015,"92991 Tony Mills","Lake Jamesshire",Michigan,11841,434695110,5889563164,
jamie21,jamie21@example.com,,1021,"class 1"," ",Jamie,Michelle,Walters,female,04-12-2017,"423 Jeremiah Squares","New Derek",Nevada,51407,1169569586,8589187941,
jessica43,jessica43@example.com,,1043,"class 1"," ",Jessica,Gregory,Thomas,male,03-07-2014,"240 Robin Plains","North Johnberg",Illinois,81240,6184064895,3162136737,
john30,john30@example.com,,1030,"class 1"," ",John,Yvonne,Soto,male,29-12-2018,"734 Russell Villages Suite 103",Dudleyport,Florida,19089,1515439504,451165648,
john41,john41@example.com,,1041,"class 1"," ",John,Joseph,Richardson,male,10-07-2018,"944 Anthony Fields Apt. 035","Port Davidport",Connecticut,63455,8113968684,7783591578,
john45,john45@example.com,,1045,"class 1"," ",John,Eddie,Lee,female,26-01-2019,"985 Harry Tunnel Suite 522",Sawyerbury,Alaska,90099,3790821735,4709718575,
johnny16,johnny16@example.com,,1016,"class 1"," ",Johnny,Michael,Mcgrath,female,17-09-2018,"07462 Christopher Village",Monicamouth,Montana,56636,2763423297,7121991553,
jose46,jose46@example.com,,1046,"class 1"," ",Jose,Frank,Wilson,female,2015/02/06,"2021 Anthony Summit","South Kimberlyview",Maine,16630,5245637966,826082571,
joshua40,joshua40@example.com,,1040,"class 1"," ",Joshua,Misty,Gonzales,male,10-03-2017,"240 Bryant Walk","East Alexander",Washington,49696,1312811630,9635573843,
kelly11,kelly11@example.com,,1011,"class 1"," ",Kelly,Kathryn,Boyd,female,03-01-2015,"168 Lowery Drive Apt. 160",Heathhaven,"South Dakota",82879,9783174398,4891307794,
levi50,levi50@example.com,,1050,"class 1"," ",Levi,Mario,Robinson,male,2015/11/14,"00263 Kelly Coves",Sydneyberg,Indiana,50803,3704271499,7058330771,
lori24,lori24@example.com,,1024,"class 1"," ",Lori,Ryan,Gay,male,23-05-2017,"83125 Jeremy Walks Apt. 110",Bryanfort,Arkansas,10381,4973772343,8363892726,
megan33,megan33@example.com,,1033,"class 1"," ",Megan,Julie,Marsh,female,24-05-2018,"5234 Miller Circles","North Katelyn",Arizona,10686,5995378391,2598437473,
melissa48,melissa48@example.com,,1048,"class 1"," ",Melissa,Brandon,Dyer,male,2018/12/21,"5785 Margaret Cliffs Suite 689","New Jane",Florida,96518,7375675906,2842593524,
michael12,michael12@example.com,,1012,"class 1"," ",Michael,Laurie,Braun,female,13-09-2018,"96517 Marks Field","East Jesus",Missouri,96355,6321526986,2642869448,
michael13,michael13@example.com,,1013,"class 1"," ",Michael,Brian,White,female,26-01-2016,"10186 Allen Centers Suite 941",Harrisport,Utah,95384,2570344977,2386471836,
michelle27,michelle27@example.com,,1027,"class 1"," ",Michelle,Olivia,Cook,male,10-11-2014,"036 Chen Ramp Apt. 742","Port Jennifershire",Hawaii,16609,1904926847,5184303727,
michelle32,michelle32@example.com,,1032,"class 1"," ",Michelle,Kevin,Moore,male,14-07-2018,"139 Davidson Causeway Suite 206","Port Donaldberg",Oklahoma,5071,1095022053,6161870923,
nicholas1,nicholas1@example.com,,1001,"class 1"," ",Nicholas,Maria,Davis,female,24-02-2015,"51048 Christine Views",Kingfurt,"New York",98352,6888150416,5095252319,
nicole47,nicole47@example.com,,1047,"class 1"," ",Nicole,Kenneth,Butler,male,11-05-2016,"72559 Scott Glen Apt. 783",Jessicamouth,Wyoming,67815,8067274732,6970108132,
nicole49,nicole49@example.com,,1049,"class 1",A,Nicole,Hannah,Krause,male,2017/04/06,"601 Connor Corner","Lake Madeline",Utah,4343,437003842,2358389221,
patrick18,patrick18@example.com,,1018,"class 1"," ",Patrick,Lori,Wilson,male,07-01-2018,"8494 Willie Unions","North Richard","North Carolina",89114,9853925738,6002762135,
rebekah20,rebekah20@example.com,,1020,"class 1"," ",Rebekah,Tony,Anthony,male,04-09-2018,"11179 Alexa Junction Apt. 261","North Jasonville",Alabama,96846,3995399960,2676351940,
richard15,richard15@example.com,,1015,"class 1"," ",Richard,David,Hall,male,06-05-2018,"4592 Little Club Apt. 684","New Stephen",Mississippi,80852,2413368936,3375987181,
sean10,sean10@example.com,,1010,"class 1"," ",Sean,Deanna,Freeman,female,13-11-2015,"2604 Jessica Ports Apt. 109","West Michelle",Mississippi,34095,8178425907,7725577718,
stacey4,stacey4@example.com,,1004,"class 1",A,Stacey,Terri,Brown,male,2017/03/02,"592 Lewis Ways","New Jessica",Iowa,91898,7352936140,470886597,
stacy37,stacy37@example.com,,1037,"class 1"," ",Stacy,Joshua,Rhodes,male,03-12-2018,"537 Craig Crest","Port Mark","Rhode Island",28171,1105137388,9670797917,
victoria25,victoria25@example.com,,1025,"class 1"," ",Victoria,Ricardo,Perez,male,20-02-2018,"93328 Alexander Junction","East Charleschester",Tennessee,76830,7933299708,9530169255,
wayne31,wayne31@example.com,,1031,"class 1"," ",Wayne,Lynn,Mclaughlin,female,24-12-2018,"6632 Harris Tunnel","North Nicholas",Louisiana,35104,6072956587,9386384012,
william29,william29@example.com,,1029,"class 1"," ",William,Tyler,Martinez,female,17-10-2015,"21502 Williamson Circle Apt. 754",Williamberg,"New York",48146,4346218797,7263842665,
